Trait,Marker,Chr,Pos,df,F,p,add_effect,add_F,add_p,dom_effect,dom_F,dom_p,errordf,MarkerR2,Genetic Var,Residual Var,-2LnLikelihood
r,None,,,0,NaN,NaN,NaN,NaN,NaN,NaN,NaN,NaN,91,NaN,2.5632E-6,0.25632,57.83355
r,NA,1,92210,1,0.17097,0.68024,NaN,NaN,NaN,NaN,NaN,NaN,90,0.00186,2.5871E-6,0.25871,-6.5467E1
r,NA,1,183488,1,0.08225,0.77493,NaN,NaN,NaN,NaN,NaN,NaN,90,8.9651E-4,2.5896E-6,0.25896,94.91685
r,NA,1,193712,1,0.14872,0.70068,NaN,NaN,NaN,NaN,NaN,NaN,90,0.00162,2.5877E-6,0.25877,128.53601
r,NA,1,229384,1,0.27373,0.60214,NaN,NaN,NaN,NaN,NaN,NaN,90,0.00297,2.5841E-6,0.25841,130.47418
r,NA,1,448470,1,0.13917,0.71,NaN,NaN,NaN,NaN,NaN,NaN,90,0.00151,2.588E-6,0.2588,286.82736
r,NA,1,550312,1,0.21642,0.64292,NaN,NaN,NaN,NaN,NaN,NaN,90,0.00235,2.5857E-6,0.25857,272.78008
r,NA,1,768340,1,0.04788,0.8273,NaN,NaN,NaN,NaN,NaN,NaN,90,5.2187E-4,2.5906E-6,0.25906,351.74676
r,NA,1,942441,1,0.02813,0.86719,NaN,NaN,NaN,NaN,NaN,NaN,90,3.0622E-4,2.5912E-6,0.25912,238.29659
r,NA,1,1076587,1,0.09463,0.75909,NaN,NaN,NaN,NaN,NaN,NaN,90,0.00103,2.5893E-6,0.25893,284.86592
r,NA,1,2072412,1,0.01008,0.92027,NaN,NaN,NaN,NaN,NaN,NaN,90,1.1046E-4,2.5917E-6,0.25917,438.87594
r,NA,1,2644158,1,0.21486,0.64411,NaN,NaN,NaN,NaN,NaN,NaN,90,0.00234,2.5858E-6,0.25858,-9.6731E1
r,NA,1,2728755,1,0.22816,0.63407,NaN,NaN,NaN,NaN,NaN,NaN,90,0.00248,2.5854E-6,0.25854,260.64837
r,NA,1,2783126,1,0.18959,0.66432,NaN,NaN,NaN,NaN,NaN,NaN,90,0.00206,2.5865E-6,0.25865,-7.6809E0
r,NA,1,2815318,1,0.09536,0.75819,NaN,NaN,NaN,NaN,NaN,NaN,90,0.00104,2.5893E-6,0.25893,99.9684
