Trait,Marker,Chr,Pos,df,F,p,add_effect,add_F,add_p,dom_effect,dom_F,dom_p,errordf,MarkerR2,Genetic Var,Residual Var,-2LnLikelihood
r,None,,,0,NaN,NaN,NaN,NaN,NaN,NaN,NaN,NaN,91,NaN,0.00206,0.00486,-2.3546E2
r,NA,1,92210,1,3.25102,0.07476,NaN,NaN,NaN,NaN,NaN,NaN,90,0.03308,8.3086E-4,0.0051,-1.986E2
r,NA,1,183488,1,0.00896,0.9248,NaN,NaN,NaN,NaN,NaN,NaN,90,1.3407E-4,7.3664E-4,0.00538,-1.3848E2
r,NA,1,193712,1,8.16155,0.00533,NaN,NaN,NaN,NaN,NaN,NaN,90,0.07936,9.2414E-5,0.0067,-2.2767E1
r,NA,1,229384,1,3.12201,0.08067,NaN,NaN,NaN,NaN,NaN,NaN,90,0.03177,8.7822E-4,0.00508,-2.0858E2
r,NA,1,448470,1,0.30138,0.58439,NaN,NaN,NaN,NaN,NaN,NaN,90,0.00316,0.00179,0.00495,-2.1413E2
r,NA,1,550312,1,0.08886,0.76632,NaN,NaN,NaN,NaN,NaN,NaN,90,9.9278E-4,0.0016,0.005,-2.0488E2
r,NA,1,768340,1,4.59612,0.03477,NaN,NaN,NaN,NaN,NaN,NaN,90,0.04611,2.2778E-4,0.00598,-6.8233E1
r,NA,1,942441,1,0.59644,0.44199,NaN,NaN,NaN,NaN,NaN,NaN,90,0.00656,5.432E-4,0.00553,-1.3259E2
r,NA,1,1076587,1,22.84076,6.9049E-6,NaN,NaN,NaN,NaN,NaN,NaN,90,0.19582,7.5705E-8,0.00757,165.14639
r,NA,1,2072412,1,0.02351,0.8785,NaN,NaN,NaN,NaN,NaN,NaN,90,3.7903E-4,9.3226E-4,0.00525,-1.6339E2
r,NA,1,2644158,1,4.36135,0.03962,NaN,NaN,NaN,NaN,NaN,NaN,90,0.0441,8.1658E-4,0.00504,-2.0803E2
r,NA,1,2728755,1,7.10476,0.00913,NaN,NaN,NaN,NaN,NaN,NaN,90,0.06984,1.5272E-4,0.00621,-6.2522E1
r,NA,1,2783126,1,0.42581,0.51573,NaN,NaN,NaN,NaN,NaN,NaN,90,0.00452,0.00161,0.00498,-2.157E2
r,NA,1,2815318,1,0.01085,0.91726,NaN,NaN,NaN,NaN,NaN,NaN,90,1.5783E-4,0.00158,0.00501,-2.1093E2
