Trait,Marker,Chr,Pos,df,F,p,add_effect,add_F,add_p,dom_effect,dom_F,dom_p,errordf,MarkerR2,Genetic Var,Residual Var,-2LnLikelihood
r,None,,,0,NaN,NaN,NaN,NaN,NaN,NaN,NaN,NaN,94,NaN,1.33805,0.02357,-1.3649E1
r,NA,1,400804,1,2.04698,0.1559,NaN,NaN,NaN,NaN,NaN,NaN,93,0.02129,1.93935,0.01892,2.83509
r,NA,1,407377,1,2.30321,0.13254,NaN,NaN,NaN,NaN,NaN,NaN,93,0.02432,3.27095,0.01573,-4.7422E1
r,NA,1,1349428,1,0.66558,0.4167,NaN,NaN,NaN,NaN,NaN,NaN,93,0.00747,2.84235,0.01674,-4.5258E0
r,NA,1,1464529,1,2.09522,0.15116,NaN,NaN,NaN,NaN,NaN,NaN,93,0.0217,2.33217,0.01753,-1.4036E1
r,NA,1,1464883,1,1.33815,0.25035,NaN,NaN,NaN,NaN,NaN,NaN,93,0.01388,1.0297E-6,0.10297,444.04546
r,NA,1,1464886,1,3.37065,0.0696,NaN,NaN,NaN,NaN,NaN,NaN,93,0.03464,2.27788,0.01736,9.26583
r,NA,1,1487705,1,4.40341,0.03861,NaN,NaN,NaN,NaN,NaN,NaN,93,0.04589,1.94147,0.01826,0.0717
r,NA,1,1831526,1,0.04605,0.83056,NaN,NaN,NaN,NaN,NaN,NaN,93,4.8829E-4,1.0441E-6,0.10441,140.92974
