Trait,Marker,Chr,Pos,df,F,p,add_effect,add_F,add_p,dom_effect,dom_F,dom_p,errordf,MarkerR2,Genetic Var,Residual Var,-2LnLikelihood
r,None,,,0,NaN,NaN,NaN,NaN,NaN,NaN,NaN,NaN,94,NaN,0.01283,0.03948,-4.0414E1
r,NA,1,400804,1,3.11445,0.08092,NaN,NaN,NaN,NaN,NaN,NaN,93,0.03201,0.01011,0.03927,-2.359E1
r,NA,1,407377,1,9.50747,0.0027,NaN,NaN,NaN,NaN,NaN,NaN,93,0.09199,0.02093,0.03461,-7.5271E1
r,NA,1,1349428,1,0.79083,0.37617,NaN,NaN,NaN,NaN,NaN,NaN,93,0.00836,0.00779,0.04118,-6.771E0
r,NA,1,1464529,1,0.09206,0.76226,NaN,NaN,NaN,NaN,NaN,NaN,93,9.8319E-4,0.0096,0.04083,-2.6325E1
r,NA,1,1464883,1,4.10337,0.04569,NaN,NaN,NaN,NaN,NaN,NaN,93,0.04047,4.6754E-7,0.04675,539.83548
r,NA,1,1464886,1,3.05938,0.08361,NaN,NaN,NaN,NaN,NaN,NaN,93,0.03141,0.00685,0.04053,-2.2133E1
r,NA,1,1487705,1,0.04574,0.83113,NaN,NaN,NaN,NaN,NaN,NaN,93,4.8854E-4,0.0102,0.04065,-2.7336E1
r,NA,1,1831526,1,14.56952,2.4469E-4,NaN,NaN,NaN,NaN,NaN,NaN,93,0.12951,4.2162E-7,0.04216,197.21203
